,id,GroupCount
0,74,45
1,75,46
2,76,51
3,77,51
4,146,44
5,147,44
6,148,44
7,150,44
8,151,44
9,152,43
10,153,44
11,154,45
12,155,51
13,224,44
14,225,43
15,226,44
16,227,45
17,228,45
18,229,44
19,230,43
20,231,42
21,232,45
22,233,51
23,300,42
24,301,44
25,302,43
26,303,43
27,304,44
28,305,44
29,306,43
30,307,44
31,308,44
32,309,45
33,310,51
34,378,44
35,379,44
36,380,43
37,381,42
38,382,42
39,383,44
40,384,44
41,385,44
42,386,44
43,387,45
44,388,51
45,456,44
46,457,43
47,458,42
48,459,42
49,460,44
50,461,44
51,462,44
52,463,42
53,464,44
54,465,45
55,466,51
56,534,44
57,535,44
58,536,42
59,537,44
60,538,44
61,539,44
62,540,44
63,541,44
64,542,42
65,543,43
66,544,49
67,608,46
68,609,46
69,610,44
70,611,44
71,612,46
72,613,44
73,614,44
74,615,42
75,616,44
76,617,44
77,618,44
78,619,44
79,620,51
80,621,49
81,677,44
82,678,44
83,679,44
84,680,45
85,681,45
86,682,45
87,684,44
88,685,44
89,686,46
90,687,46
91,688,43
92,689,42
93,690,45
94,691,44
95,692,44
96,693,44
97,694,42
98,695,44
99,696,42
100,697,42
101,698,51
102,699,51
103,753,44
104,754,44
105,755,43
106,756,43
107,757,46
108,758,45
109,759,45
110,760,46
111,761,46
112,762,43
113,763,43
114,764,45
115,765,43
116,766,42
117,767,44
118,768,44
119,769,44
120,770,44
121,771,42
122,772,44
123,773,44
124,774,44
125,775,51
126,776,51
127,831,44
128,832,44
129,833,45
130,834,43
131,835,43
132,836,45
133,837,45
134,838,45
135,839,45
136,840,45
137,841,45
138,842,45
139,843,45
140,844,42
141,845,44
142,846,44
143,847,44
144,848,42
145,849,42
146,850,44
147,851,44
148,852,44
149,853,51
150,854,51
151,855,49
152,908,44
153,909,43
154,910,45
155,911,44
156,912,42
157,913,44
158,914,45
159,915,44
160,916,44
161,917,44
162,918,44
163,919,44
164,920,44
165,921,44
166,922,42
167,923,44
168,924,44
169,925,44
170,926,44
171,927,44
172,928,44
173,929,44
174,930,45
175,931,51
176,986,45
177,987,46
178,988,45
179,989,42
180,990,44
181,991,44
182,992,44
183,993,44
184,994,44
185,995,44
186,996,44
187,997,44
188,998,44
189,999,44
190,1000,44
191,1001,44
192,1002,42
193,1003,44
194,1004,44
195,1005,44
196,1006,44
197,1007,44
198,1008,45
199,1009,51
200,1064,46
201,1065,45
202,1066,44
203,1067,44
204,1068,44
205,1069,44
206,1070,44
207,1071,44
208,1072,44
209,1073,44
210,1074,44
211,1075,42
212,1076,42
213,1077,44
214,1078,44
215,1079,44
216,1080,44
217,1081,44
218,1082,44
219,1083,44
220,1084,44
221,1085,45
222,1086,51
223,1143,44
224,1144,42
225,1145,44
226,1146,42
227,1147,44
228,1148,44
229,1149,44
230,1150,44
231,1151,44
232,1152,44
233,1153,42
234,1154,43
235,1155,44
236,1156,44
237,1157,44
238,1158,44
239,1159,42
240,1160,42
241,1161,42
242,1162,44
243,1163,44
244,1164,52
245,1220,44
246,1221,46
247,1222,44
248,1223,42
249,1224,44
250,1225,44
251,1226,44
252,1227,44
253,1228,44
254,1229,44
255,1230,44
256,1231,44
257,1232,44
258,1233,44
259,1234,44
260,1235,42
261,1236,42
262,1237,42
263,1238,42
264,1239,42
265,1240,44
266,1241,51
267,1299,44
268,1300,46
269,1301,42
270,1302,44
271,1303,44
272,1304,44
273,1305,44
274,1306,44
275,1307,44
276,1308,44
277,1309,42
278,1310,44
279,1311,44
280,1312,44
281,1313,44
282,1314,44
283,1315,42
284,1316,44
285,1317,42
286,1318,42
287,1319,51
288,1377,44
289,1378,45
290,1379,44
291,1380,44
292,1381,42
293,1382,44
294,1383,42
295,1384,43
296,1385,44
297,1386,44
298,1387,44
299,1388,44
300,1389,44
301,1390,42
302,1391,44
303,1392,44
304,1393,42
305,1394,42
306,1395,45
307,1396,51
308,1455,44
309,1456,42
310,1457,45
311,1458,44
312,1459,43
313,1460,42
314,1461,44
315,1462,44
316,1463,43
317,1464,44
318,1465,44
319,1466,44
320,1467,44
321,1468,44
322,1469,42
323,1470,44
324,1471,44
325,1472,43
326,1473,51
327,1474,51
328,1475,51
329,1532,46
330,1533,45
331,1534,43
332,1535,42
333,1536,44
334,1537,44
335,1538,44
336,1539,44
337,1540,42
338,1541,44
339,1542,44
340,1543,44
341,1544,44
342,1545,44
343,1546,44
344,1547,44
345,1548,42
346,1549,45
347,1550,49
348,1551,14
349,1552,49
350,1553,49
351,1611,45
352,1612,45
353,1613,42
354,1614,42
355,1615,42
356,1616,42
357,1617,42
358,1618,43
359,1619,44
360,1620,44
361,1621,44
362,1622,44
363,1623,44
364,1624,44
365,1625,44
366,1626,45
367,1627,45
368,1628,49
369,1629,49
370,1630,49
371,1688,46
372,1689,47
373,1690,45
374,1691,44
375,1692,44
376,1693,44
377,1694,44
378,1695,43
379,1696,42
380,1697,44
381,1698,44
382,1699,44
383,1700,44
384,1701,42
385,1702,42
386,1703,44
387,1704,45
388,1705,45
389,1706,49
390,1766,25
391,1767,46
392,1768,44
393,1769,44
394,1770,44
395,1771,44
396,1772,45
397,1773,44
398,1774,44
399,1775,44
400,1776,44
401,1777,44
402,1778,44
403,1779,42
404,1780,44
405,1781,42
406,1782,45
407,1783,45
408,1784,51
409,1844,46
410,1845,43
411,1846,42
412,1847,44
413,1848,44
414,1849,44
415,1850,44
416,1851,44
417,1852,44
418,1853,43
419,1854,42
420,1855,43
421,1856,42
422,1857,44
423,1858,42
424,1859,45
425,1860,51
426,1861,51
427,1922,46
428,1923,44
429,1924,44
430,1925,44
431,1926,44
432,1927,44
433,1928,44
434,1929,44
435,1930,44
436,1931,44
437,1932,43
438,1933,44
439,1934,42
440,1935,44
441,1936,43
442,1937,42
443,1938,51
444,1939,51
445,2000,46
446,2001,44
447,2002,44
448,2003,44
449,2004,44
450,2005,44
451,2006,44
452,2007,42
453,2008,44
454,2009,42
455,2010,44
456,2011,44
457,2012,44
458,2013,44
459,2014,44
460,2015,51
461,2078,46
462,2079,44
463,2080,44
464,2081,44
465,2082,44
466,2083,43
467,2084,42
468,2085,44
469,2086,44
470,2087,42
471,2088,43
472,2089,42
473,2090,44
474,2091,42
475,2092,51
476,2093,51
477,2155,51
478,2156,46
479,2157,44
480,2158,44
481,2159,43
482,2160,43
483,2161,44
484,2162,44
485,2163,44
486,2164,42
487,2165,44
488,2166,44
489,2167,44
490,2168,44
491,2169,51
492,2170,51
493,2234,51
494,2235,44
495,2236,45
496,2237,43
497,2238,44
498,2239,43
499,2240,44
500,2241,44
501,2242,44
502,2243,44
503,2244,44
504,2245,44
505,2246,51
506,2247,51
507,2312,50
508,2313,51
509,2314,49
510,2315,51
511,2316,50
512,2317,44
513,2318,42
514,2319,42
515,2320,44
516,2321,42
517,2322,44
518,2323,51
519,2324,51
520,2391,13
521,2393,13
522,2395,51
523,2396,45
524,2397,44
525,2398,44
526,2399,42
527,2400,51
528,2401,51
529,2473,51
530,2474,51
531,2475,45
532,2476,43
533,2477,51
534,2553,51
535,2554,49
536,2555,49
537,2558,11
538,2559,11
539,2614,19
540,2615,54
541,2616,54
542,2638,11
543,2692,55
544,2693,17
545,2694,54
546,2703,56
547,2704,58
548,2705,58
549,2706,58
550,2707,58
551,2708,58
552,2770,21
553,2780,59
554,2781,58
555,2782,51
556,2783,51
557,2784,49
558,2785,51
559,2786,58
560,2787,58
561,2851,54
562,2857,55
563,2858,58
564,2859,53
565,2860,52
566,2861,49
567,2862,49
568,2863,51
569,2864,52
570,2865,53
571,2866,58
572,2924,57
573,2927,53
574,2928,54
575,2929,53
576,2930,61
577,2931,57
578,2934,57
579,2935,58
580,2936,51
581,2937,54
582,2938,50
583,2939,49
584,2940,51
585,2941,52
586,2942,52
587,2943,58
588,2998,54
589,2999,56
590,3000,54
591,3001,57
592,3002,58
593,3003,58
594,3004,58
595,3005,55
596,3006,54
597,3007,60
598,3008,61
599,3009,58
600,3010,58
601,3011,58
602,3012,57
603,3013,58
604,3014,52
605,3015,52
606,3016,52
607,3017,51
608,3018,51
609,3019,51
610,3020,51
611,3021,51
612,3022,58
613,3072,50
614,3073,50
615,3074,57
616,3075,56
617,3076,57
618,3077,57
619,3078,60
620,3079,50
621,3080,48
622,3081,59
623,3082,56
624,3083,55
625,3084,60
626,3085,60
627,3086,52
628,3087,61
629,3088,58
630,3089,57
631,3090,53
632,3091,53
633,3092,52
634,3093,52
635,3094,52
636,3095,52
637,3096,49
638,3097,50
639,3098,51
640,3099,51
641,3100,58
642,3103,14
643,3104,56
644,3105,56
645,3148,51
646,3149,51
647,3150,52
648,3151,47
649,3152,47
650,3153,49
651,3154,48
652,3155,49
653,3156,49
654,3157,48
655,3158,49
656,3159,58
657,3160,56
658,3161,63
659,3162,63
660,3163,63
661,3164,53
662,3165,61
663,3166,60
664,3167,57
665,3168,54
666,3169,53
667,3170,54
668,3171,52
669,3172,52
670,3173,50
671,3174,52
672,3175,51
673,3176,49
674,3177,49
675,3178,51
676,3179,58
677,3180,58
678,3181,54
679,3182,58
680,3183,57
681,3184,58
682,3224,51
683,3225,52
684,3226,52
685,3227,46
686,3228,47
687,3229,48
688,3230,47
689,3231,48
690,3232,48
691,3233,49
692,3234,48
693,3235,48
694,3236,60
695,3237,64
696,3238,63
697,3239,63
698,3240,53
699,3241,53
700,3242,59
701,3243,60
702,3244,59
703,3245,53
704,3246,50
705,3247,51
706,3248,52
707,3249,52
708,3250,50
709,3251,50
710,3252,52
711,3253,51
712,3254,51
713,3255,49
714,3256,51
715,3257,59
716,3258,58
717,3259,58
718,3260,58
719,3261,59
720,3301,52
721,3302,52
722,3303,53
723,3304,48
724,3305,49
725,3306,46
726,3307,47
727,3308,47
728,3309,47
729,3310,48
730,3311,49
731,3312,49
732,3313,51
733,3314,59
734,3315,63
735,3316,56
736,3317,54
737,3318,53
738,3319,53
739,3320,57
740,3321,59
741,3322,53
742,3323,52
743,3324,51
744,3325,50
745,3326,52
746,3327,52
747,3328,50
748,3329,49
749,3330,52
750,3331,50
751,3332,51
752,3333,51
753,3334,49
754,3335,52
755,3336,53
756,3337,58
757,3338,59
758,3339,53
759,3340,58
760,3377,52
761,3378,52
762,3379,53
763,3380,48
764,3381,47
765,3382,47
766,3383,48
767,3384,47
768,3385,47
769,3386,47
770,3387,47
771,3388,49
772,3389,49
773,3390,53
774,3391,50
775,3392,58
776,3393,65
777,3394,55
778,3395,56
779,3396,54
780,3397,61
781,3398,54
782,3399,53
783,3400,52
784,3401,52
785,3402,50
786,3403,50
787,3404,50
788,3405,52
789,3406,49
790,3407,51
791,3408,53
792,3409,51
793,3410,51
794,3411,52
795,3412,51
796,3413,51
797,3414,50
798,3415,58
799,3416,59
800,3417,59
801,3418,14
802,3454,52
803,3455,53
804,3456,49
805,3457,49
806,3458,48
807,3459,47
808,3460,48
809,3461,46
810,3462,47
811,3463,47
812,3464,47
813,3465,47
814,3466,48
815,3467,51
816,3468,51
817,3469,51
818,3470,58
819,3471,64
820,3472,67
821,3473,55
822,3474,57
823,3475,56
824,3476,55
825,3477,53
826,3478,52
827,3479,52
828,3480,52
829,3481,52
830,3482,53
831,3483,53
832,3484,52
833,3485,52
834,3486,53
835,3487,50
836,3488,51
837,3489,49
838,3490,49
839,3491,49
840,3492,51
841,3493,50
842,3494,57
843,3495,58
844,3496,58
845,3530,52
846,3531,52
847,3532,49
848,3533,50
849,3534,50
850,3535,48
851,3536,47
852,3537,47
853,3538,47
854,3539,47
855,3540,47
856,3541,52
857,3542,52
858,3543,54
859,3544,54
860,3545,58
861,3546,59
862,3547,58
863,3548,66
864,3549,61
865,3550,65
866,3551,54
867,3552,56
868,3553,55
869,3554,54
870,3555,52
871,3556,52
872,3557,52
873,3558,52
874,3559,53
875,3560,53
876,3561,53
877,3562,53
878,3563,52
879,3564,51
880,3565,51
881,3566,51
882,3567,51
883,3568,51
884,3569,51
885,3570,51
886,3571,59
887,3572,51
888,3573,58
889,3607,52
890,3608,52
891,3609,50
892,3610,49
893,3611,48
894,3612,48
895,3613,47
896,3614,47
897,3615,47
898,3616,47
899,3617,47
900,3618,47
901,3619,54
902,3620,51
903,3621,53
904,3622,56
905,3624,67
906,3625,69
907,3626,68
908,3627,69
909,3628,64
910,3629,55
911,3630,54
912,3631,55
913,3632,56
914,3633,54
915,3634,52
916,3635,52
917,3636,52
918,3637,53
919,3638,51
920,3639,52
921,3640,52
922,3641,52
923,3642,51
924,3643,51
925,3644,51
926,3645,51
927,3646,51
928,3647,51
929,3648,51
930,3649,51
931,3650,51
932,3651,58
933,3683,52
934,3684,52
935,3685,47
936,3686,48
937,3687,49
938,3688,49
939,3689,47
940,3690,47
941,3691,48
942,3692,48
943,3693,46
944,3694,48
945,3695,53
946,3696,53
947,3697,54
948,3698,58
949,3699,71
950,3700,66
951,3701,68
952,3702,58
953,3703,59
954,3704,57
955,3705,55
956,3706,60
957,3707,58
958,3708,56
959,3709,55
960,3710,55
961,3711,56
962,3712,55
963,3713,52
964,3714,54
965,3715,53
966,3716,50
967,3717,50
968,3718,52
969,3719,52
970,3720,52
971,3721,52
972,3722,49
973,3723,51
974,3724,51
975,3725,51
976,3726,51
977,3727,51
978,3728,52
979,3729,58
980,3760,52
981,3761,53
982,3762,48
983,3763,48
984,3764,50
985,3765,48
986,3766,48
987,3767,48
988,3768,48
989,3769,47
990,3770,46
991,3771,46
992,3772,53
993,3773,53
994,3774,57
995,3775,55
996,3776,52
997,3777,66
998,3778,56
999,3779,62
1000,3780,59
1001,3781,58
1002,3782,58
1003,3783,58
1004,3784,58
1005,3785,56
1006,3786,59
1007,3787,55
1008,3788,55
1009,3789,55
1010,3790,54
1011,3791,55
1012,3792,51
1013,3793,50
1014,3794,54
1015,3795,50
1016,3796,52
1017,3797,53
1018,3798,49
1019,3799,51
1020,3800,51
1021,3801,49
1022,3802,51
1023,3803,51
1024,3804,51
1025,3805,51
1026,3806,56
1027,3807,58
1028,3834,52
1029,3835,52
1030,3836,52
1031,3837,52
1032,3838,50
1033,3839,49
1034,3840,48
1035,3841,49
1036,3842,49
1037,3843,49
1038,3844,49
1039,3845,49
1040,3846,47
1041,3847,47
1042,3848,52
1043,3849,53
1044,3850,55
1045,3851,56
1046,3852,51
1047,3853,50
1048,3854,54
1049,3855,65
1050,3856,56
1051,3857,58
1052,3858,61
1053,3859,57
1054,3860,58
1055,3861,60
1056,3862,57
1057,3863,57
1058,3864,55
1059,3865,55
1060,3866,55
1061,3867,54
1062,3868,54
1063,3869,53
1064,3870,52
1065,3871,50
1066,3872,50
1067,3873,52
1068,3874,51
1069,3875,50
1070,3876,52
1071,3877,52
1072,3878,52
1073,3879,49
1074,3880,51
1075,3881,51
1076,3882,51
1077,3883,58
1078,3884,58
1079,3885,58
1080,3911,52
1081,3912,53
1082,3913,47
1083,3914,47
1084,3915,49
1085,3916,50
1086,3917,48
1087,3918,48
1088,3919,50
1089,3920,49
1090,3921,49
1091,3922,49
1092,3923,50
1093,3924,55
1094,3925,53
1095,3926,53
1096,3927,53
1097,3928,56
1098,3929,51
1099,3930,50
1100,3931,50
1101,3932,53
1102,3933,52
1103,3934,63
1104,3935,58
1105,3936,57
1106,3937,59
1107,3938,60
1108,3939,62
1109,3940,63
1110,3941,55
1111,3942,56
1112,3943,56
1113,3944,54
1114,3945,54
1115,3946,54
1116,3947,54
1117,3948,55
1118,3949,50
1119,3950,50
1120,3951,50
1121,3952,50
1122,3953,52
1123,3954,52
1124,3955,52
1125,3956,51
1126,3957,51
1127,3958,50
1128,3959,51
1129,3960,51
1130,3961,58
1131,3962,58
1132,3963,58
1133,3967,53
1134,3968,53
1135,3969,51
1136,3987,52
1137,3988,52
1138,3989,47
1139,3990,47
1140,3991,48
1141,3992,52
1142,3993,52
1143,3994,53
1144,3995,52
1145,3996,52
1146,3997,53
1147,3998,52
1148,3999,50
1149,4000,50
1150,4001,53
1151,4002,53
1152,4003,55
1153,4004,54
1154,4005,55
1155,4006,50
1156,4007,50
1157,4008,48
1158,4009,49
1159,4010,52
1160,4011,49
1161,4012,63
1162,4013,59
1163,4014,56
1164,4015,62
1165,4016,61
1166,4017,58
1167,4018,59
1168,4019,56
1169,4020,54
1170,4021,55
1171,4022,58
1172,4023,55
1173,4024,54
1174,4025,49
1175,4026,50
1176,4027,50
1177,4028,50
1178,4029,52
1179,4030,50
1180,4031,52
1181,4032,53
1182,4033,50
1183,4034,51
1184,4035,52
1185,4036,51
1186,4037,59
1187,4038,52
1188,4039,58
1189,4040,59
1190,4041,54
1191,4044,53
1192,4045,48
1193,4046,48
1194,4064,52
1195,4065,52
1196,4066,49
1197,4067,49
1198,4068,48
1199,4069,54
1200,4070,52
1201,4071,52
1202,4072,54
1203,4073,51
1204,4074,51
1205,4075,53
1206,4076,52
1207,4077,52
1208,4078,55
1209,4079,53
1210,4080,51
1211,4081,52
1212,4082,54
1213,4083,51
1214,4084,48
1215,4085,46
1216,4086,51
1217,4087,49
1218,4088,48
1219,4089,48
1220,4090,50
1221,4091,63
1222,4092,57
1223,4093,56
1224,4094,56
1225,4095,59
1226,4096,57
1227,4097,59
1228,4098,59
1229,4099,55
1230,4100,56
1231,4101,55
1232,4102,55
1233,4103,55
1234,4104,52
1235,4105,50
1236,4106,52
1237,4107,52
1238,4108,52
1239,4109,52
1240,4110,50
1241,4111,52
1242,4112,52
1243,4113,52
1244,4114,58
1245,4115,58
1246,4116,56
1247,4117,58
1248,4118,56
1249,4119,57
1250,4122,53
1251,4123,48
1252,4124,47
1253,4139,51
1254,4140,51
1255,4141,52
1256,4142,51
1257,4143,48
1258,4144,54
1259,4145,53
1260,4146,53
1261,4147,48
1262,4148,49
1263,4149,49
1264,4150,49
1265,4151,48
1266,4152,48
1267,4153,50
1268,4154,49
1269,4155,52
1270,4156,52
1271,4157,52
1272,4158,53
1273,4159,55
1274,4160,48
1275,4161,48
1276,4162,47
1277,4163,46
1278,4164,51
1279,4165,50
1280,4166,50
1281,4167,48
1282,4168,50
1283,4169,52
1284,4170,58
1285,4171,59
1286,4172,58
1287,4173,57
1288,4174,57
1289,4175,59
1290,4176,58
1291,4177,56
1292,4178,55
1293,4179,55
1294,4180,56
1295,4181,53
1296,4182,51
1297,4183,51
1298,4184,52
1299,4185,52
1300,4186,52
1301,4187,52
1302,4188,52
1303,4189,50
1304,4190,51
1305,4191,58
1306,4192,58
1307,4193,58
1308,4194,59
1309,4195,58
1310,4199,53
1311,4200,48
1312,4201,47
1313,4214,49
1314,4215,51
1315,4216,52
1316,4217,51
1317,4218,49
1318,4219,48
1319,4220,52
1320,4221,48
1321,4222,50
1322,4223,54
1323,4224,50
1324,4225,48
1325,4226,48
1326,4227,49
1327,4228,49
1328,4229,51
1329,4230,50
1330,4231,48
1331,4232,49
1332,4233,50
1333,4234,50
1334,4235,52
1335,4236,55
1336,4237,55
1337,4238,46
1338,4239,48
1339,4240,46
1340,4241,49
1341,4242,50
1342,4243,49
1343,4244,50
1344,4245,48
1345,4246,50
1346,4247,49
1347,4248,46
1348,4249,47
1349,4250,50
1350,4251,56
1351,4252,59
1352,4253,58
1353,4254,60
1354,4255,58
1355,4256,55
1356,4257,53
1357,4258,55
1358,4259,54
1359,4260,51
1360,4261,52
1361,4262,52
1362,4263,52
1363,4264,53
1364,4265,55
1365,4266,52
1366,4267,52
1367,4268,55
1368,4269,54
1369,4270,58
1370,4271,58
1371,4272,58
1372,4273,58
1373,4274,56
1374,4277,53
1375,4278,49
1376,4279,47
1377,4291,50
1378,4292,51
1379,4293,48
1380,4294,47
1381,4295,47
1382,4296,48
1383,4297,51
1384,4298,52
1385,4299,52
1386,4300,51
1387,4301,48
1388,4302,49
1389,4303,49
1390,4304,50
1391,4305,50
1392,4306,51
1393,4307,50
1394,4308,49
1395,4309,49
1396,4310,48
1397,4311,50
1398,4312,53
1399,4313,52
1400,4314,47
1401,4315,47
1402,4316,47
1403,4317,46
1404,4318,49
1405,4319,49
1406,4320,48
1407,4321,49
1408,4322,49
1409,4323,46
1410,4324,46
1411,4325,46
1412,4326,47
1413,4327,50
1414,4328,49
1415,4329,56
1416,4330,61
1417,4331,57
1418,4332,58
1419,4333,58
1420,4334,52
1421,4335,54
1422,4336,54
1423,4337,56
1424,4338,53
1425,4339,53
1426,4340,52
1427,4341,52
1428,4342,55
1429,4343,55
1430,4344,52
1431,4345,54
1432,4346,52
1433,4347,54
1434,4348,58
1435,4349,58
1436,4350,58
1437,4351,58
1438,4354,53
1439,4355,54
1440,4356,48
1441,4357,5
1442,4369,46
1443,4370,45
1444,4371,46
1445,4372,46
1446,4373,47
1447,4374,47
1448,4375,47
1449,4376,49
1450,4377,47
1451,4378,49
1452,4379,49
1453,4380,49
1454,4381,47
1455,4382,49
1456,4383,50
1457,4384,49
1458,4385,49
1459,4386,49
1460,4387,49
1461,4388,48
1462,4389,50
1463,4390,50
1464,4392,51
1465,4393,49
1466,4394,49
1467,4395,48
1468,4396,48
1469,4397,46
1470,4398,47
1471,4399,48
1472,4400,48
1473,4401,48
1474,4402,46
1475,4403,48
1476,4404,46
1477,4405,49
1478,4406,49
1479,4407,49
1480,4408,49
1481,4409,56
1482,4410,59
1483,4411,58
1484,4412,58
1485,4413,55
1486,4414,53
1487,4415,55
1488,4416,55
1489,4417,51
1490,4418,51
1491,4419,52
1492,4420,50
1493,4421,55
1494,4422,55
1495,4423,52
1496,4424,54
1497,4425,52
1498,4426,54
1499,4427,54
1500,4428,52
1501,4429,56
1502,4433,53
1503,4434,48
1504,4435,44
1505,4447,46
1506,4448,46
1507,4449,46
1508,4450,46
1509,4451,46
1510,4452,46
1511,4453,48
1512,4454,47
1513,4455,47
1514,4456,47
1515,4457,50
1516,4458,49
1517,4459,51
1518,4460,49
1519,4461,50
1520,4462,48
1521,4463,49
1522,4464,50
1523,4465,49
1524,4466,50
1525,4467,50
1526,4468,50
1527,4469,51
1528,4470,51
1529,4471,49
1530,4472,49
1531,4473,47
1532,4474,48
1533,4475,48
1534,4476,48
1535,4477,48
1536,4478,48
1537,4479,46
1538,4480,48
1539,4481,49
1540,4482,49
1541,4483,49
1542,4484,49
1543,4485,49
1544,4486,50
1545,4487,56
1546,4488,51
1547,4489,53
1548,4490,55
1549,4491,54
1550,4492,54
1551,4493,54
1552,4494,52
1553,4495,54
1554,4496,53
1555,4497,54
1556,4498,52
1557,4499,55
1558,4500,55
1559,4501,54
1560,4502,54
1561,4503,54
1562,4504,52
1563,4505,52
1564,4506,57
1565,4507,56
1566,4508,56
1567,4510,53
1568,4511,53
1569,4512,48
1570,4525,46
1571,4526,46
1572,4527,46
1573,4528,46
1574,4529,46
1575,4530,47
1576,4531,47
1577,4532,47
1578,4533,46
1579,4534,49
1580,4535,49
1581,4536,49
1582,4537,50
1583,4538,49
1584,4539,48
1585,4540,49
1586,4541,50
1587,4542,50
1588,4543,47
1589,4544,46
1590,4545,52
1591,4546,48
1592,4547,48
1593,4548,48
1594,4549,51
1595,4550,50
1596,4551,52
1597,4552,48
1598,4553,48
1599,4554,49
1600,4555,49
1601,4556,49
1602,4557,48
1603,4558,49
1604,4559,48
1605,4560,49
1606,4561,47
1607,4562,48
1608,4563,49
1609,4564,47
1610,4565,46
1611,4566,48
1612,4567,53
1613,4568,53
1614,4569,55
1615,4570,55
1616,4571,54
1617,4572,53
1618,4573,56
1619,4574,56
1620,4575,53
1621,4576,50
1622,4577,53
1623,4578,55
1624,4579,50
1625,4580,52
1626,4581,52
1627,4582,52
1628,4583,50
1629,4584,51
1630,4585,50
1631,4586,50
1632,4587,56
1633,4588,53
1634,4589,47
1635,4590,48
1636,4603,46
1637,4604,46
1638,4605,46
1639,4606,46
1640,4607,46
1641,4608,47
1642,4609,48
1643,4610,48
1644,4611,48
1645,4612,49
1646,4613,49
1647,4614,50
1648,4615,50
1649,4616,48
1650,4617,51
1651,4618,50
1652,4619,49
1653,4620,50
1654,4621,48
1655,4622,52
1656,4623,52
1657,4624,48
1658,4625,44
1659,4626,49
1660,4627,51
1661,4628,50
1662,4629,48
1663,4630,48
1664,4631,46
1665,4632,49
1666,4633,49
1667,4634,49
1668,4635,51
1669,4636,49
1670,4637,49
1671,4638,49
1672,4639,50
1673,4640,47
1674,4641,49
1675,4642,48
1676,4643,48
1677,4644,53
1678,4645,55
1679,4646,55
1680,4647,54
1681,4648,54
1682,4649,53
1683,4650,53
1684,4651,55
1685,4652,55
1686,4653,53
1687,4654,55
1688,4655,55
1689,4658,52
1690,4659,52
1691,4660,52
1692,4661,50
1693,4662,50
1694,4663,51
1695,4664,56
1696,4666,53
1697,4667,48
1698,4682,46
1699,4683,46
1700,4684,46
1701,4685,46
1702,4686,46
1703,4687,46
1704,4688,46
1705,4689,48
1706,4690,48
1707,4691,50
1708,4692,50
1709,4693,50
1710,4694,51
1711,4695,51
1712,4696,49
1713,4697,48
1714,4698,50
1715,4699,49
1716,4700,47
1717,4701,50
1718,4702,12
1719,4703,48
1720,4704,48
1721,4705,51
1722,4706,46
1723,4707,50
1724,4708,50
1725,4709,50
1726,4710,48
1727,4711,49
1728,4712,49
1729,4713,48
1730,4714,50
1731,4715,49
1732,4716,49
1733,4717,49
1734,4718,49
1735,4719,50
1736,4720,48
1737,4721,48
1738,4722,53
1739,4723,51
1740,4724,54
1741,4725,54
1742,4726,54
1743,4727,54
1744,4728,55
1745,4729,55
1746,4730,54
1747,4731,56
1748,4732,55
1749,4733,53
1750,4734,11
1751,4735,51
1752,4736,51
1753,4738,12
1754,4739,52
1755,4740,53
1756,4741,53
1757,4742,56
1758,4744,53
1759,4745,48
1760,4746,47
1761,4760,46
1762,4761,46
1763,4762,44
1764,4763,44
1765,4764,44
1766,4765,49
1767,4766,48
1768,4767,49
1769,4768,49
1770,4769,50
1771,4770,49
1772,4771,49
1773,4772,48
1774,4773,48
1775,4774,47
1776,4775,49
1777,4776,48
1778,4777,49
1779,4778,46
1780,4779,51
1781,4781,48
1782,4782,51
1783,4783,51
1784,4784,49
1785,4785,50
1786,4786,50
1787,4787,51
1788,4788,50
1789,4789,49
1790,4790,49
1791,4791,50
1792,4792,49
1793,4793,47
1794,4794,49
1795,4795,49
1796,4796,49
1797,4797,48
1798,4798,48
1799,4799,52
1800,4800,49
1801,4801,53
1802,4802,54
1803,4803,53
1804,4804,51
1805,4805,51
1806,4806,51
1807,4807,56
1808,4808,56
1809,4809,54
1810,4811,51
1811,4812,51
1812,4813,51
1813,4814,49
1814,4815,9
1815,4816,49
1816,4818,50
1817,4819,52
1818,4821,49
1819,4822,51
1820,4823,47
1821,4839,47
1822,4840,45
1823,4841,48
1824,4842,48
1825,4843,48
1826,4844,49
1827,4845,47
1828,4846,47
1829,4847,46
1830,4848,47
1831,4849,46
1832,4850,46
1833,4851,46
1834,4852,48
1835,4853,46
1836,4854,47
1837,4855,48
1838,4856,52
1839,4857,50
1840,4860,49
1841,4861,50
1842,4862,50
1843,4863,50
1844,4864,51
1845,4865,50
1846,4866,50
1847,4867,50
1848,4868,49
1849,4869,50
1850,4870,50
1851,4871,47
1852,4872,49
1853,4873,47
1854,4874,48
1855,4875,48
1856,4876,48
1857,4877,54
1858,4878,52
1859,4879,53
1860,4880,56
1861,4881,53
1862,4882,54
1863,4883,54
1864,4884,56
1865,4885,56
1866,4886,52
1867,4887,54
1868,4888,12
1869,4889,51
1870,4890,51
1871,4891,51
1872,4893,49
1873,4894,49
1874,4895,49
1875,4896,49
1876,4897,49
1877,4898,49
1878,4899,49
1879,4900,50
1880,4901,47
1881,4916,48
1882,4917,48
1883,4918,48
1884,4919,47
1885,4920,46
1886,4921,49
1887,4922,44
1888,4923,46
1889,4924,48
1890,4925,46
1891,4926,46
1892,4927,46
1893,4928,44
1894,4929,46
1895,4930,46
1896,4931,46
1897,4932,48
1898,4933,51
1899,4934,53
1900,4938,50
1901,4940,50
1902,4941,52
1903,4942,54
1904,4943,51
1905,4944,51
1906,4945,51
1907,4946,51
1908,4947,50
1909,4948,48
1910,4949,46
1911,4950,49
1912,4951,49
1913,4952,48
1914,4953,48
1915,4954,48
1916,4955,46
1917,4956,48
1918,4957,54
1919,4958,55
1920,4959,53
1921,4960,57
1922,4961,58
1923,4962,58
1924,4963,54
1925,4964,54
1926,4966,51
1927,4967,51
1928,4968,51
1929,4971,51
1930,4972,51
1931,4973,51
1932,4974,49
1933,4975,9
1934,4976,49
1935,4977,49
1936,4978,50
1937,4993,46
1938,4994,48
1939,4995,49
1940,4996,45
1941,4997,44
1942,4998,44
1943,4999,44
1944,5000,44
1945,5001,46
1946,5002,44
1947,5003,46
1948,5004,44
1949,5005,46
1950,5006,46
1951,5007,49
1952,5008,46
1953,5009,46
1954,5010,47
1955,5011,47
1956,5012,53
1957,5013,51
1958,5015,53
1959,5016,52
1960,5017,52
1961,5018,10
1962,5019,50
1963,5020,13
1964,5021,54
1965,5022,50
1966,5023,50
1967,5024,51
1968,5025,51
1969,5026,48
1970,5027,47
1971,5028,48
1972,5029,49
1973,5030,48
1974,5031,48
1975,5032,48
1976,5033,48
1977,5034,48
1978,5035,48
1979,5036,48
1980,5037,48
1981,5038,55
1982,5039,58
1983,5040,51
1984,5041,56
1985,5042,56
1986,5044,51
1987,5045,51
1988,5046,51
1989,5047,51
1990,5048,51
1991,5049,51
1992,5050,51
1993,5051,51
1994,5054,51
1995,5055,47
1996,5056,50
1997,5071,44
1998,5072,45
1999,5073,46
2000,5074,46
2001,5075,44
2002,5076,49
2003,5077,45
2004,5078,44
2005,5079,47
2006,5080,47
2007,5081,46
2008,5082,46
2009,5083,45
2010,5084,46
2011,5085,46
2012,5086,46
2013,5087,46
2014,5088,48
2015,5089,53
2016,5090,51
2017,5092,53
2018,5093,49
2019,5094,52
2020,5095,50
2021,5096,51
2022,5097,50
2023,5098,53
2024,5099,53
2025,5100,50
2026,5101,48
2027,5102,50
2028,5103,50
2029,5104,48
2030,5105,48
2031,5106,48
2032,5107,48
2033,5108,48
2034,5109,48
2035,5110,48
2036,5111,46
2037,5112,48
2038,5113,47
2039,5114,48
2040,5115,48
2041,5116,48
2042,5117,48
2043,5118,47
2044,5119,49
2045,5120,49
2046,5121,51
2047,5122,51
2048,5123,51
2049,5124,51
2050,5126,51
2051,5127,51
2052,5128,51
2053,5131,51
2054,5132,47
2055,5133,50
2056,5150,32
2057,5151,44
2058,5152,46
2059,5153,46
2060,5154,47
2061,5155,45
2062,5156,46
2063,5157,46
2064,5158,47
2065,5159,46
2066,5160,45
2067,5161,44
2068,5162,48
2069,5163,47
2070,5164,47
2071,5165,47
2072,5166,49
2073,5167,49
2074,5168,51
2075,5170,51
2076,5171,52
2077,5172,49
2078,5173,48
2079,5174,48
2080,5175,47
2081,5176,53
2082,5177,53
2083,5178,49
2084,5179,48
2085,5180,48
2086,5181,48
2087,5182,48
2088,5183,48
2089,5184,48
2090,5185,48
2091,5186,48
2092,5187,48
2093,5188,48
2094,5189,48
2095,5190,48
2096,5191,46
2097,5192,48
2098,5193,48
2099,5194,48
2100,5195,51
2101,5196,51
2102,5197,46
2103,5198,49
2104,5200,51
2105,5201,51
2106,5202,51
2107,5204,51
2108,5205,51
2109,5206,51
2110,5207,53
2111,5208,48
2112,5210,52
2113,5211,50
2114,5229,44
2115,5230,46
2116,5231,46
2117,5232,46
2118,5233,45
2119,5234,46
2120,5235,43
2121,5236,46
2122,5237,46
2123,5238,46
2124,5239,46
2125,5240,48
2126,5241,47
2127,5242,47
2128,5243,45
2129,5244,47
2130,5245,47
2131,5246,51
2132,5248,53
2133,5249,53
2134,5250,49
2135,5251,48
2136,5252,48
2137,5253,47
2138,5254,49
2139,5255,49
2140,5256,49
2141,5257,49
2142,5258,48
2143,5259,48
2144,5260,48
2145,5261,48
2146,5262,48
2147,5263,48
2148,5264,48
2149,5265,48
2150,5266,48
2151,5267,46
2152,5268,49
2153,5269,48
2154,5270,48
2155,5271,48
2156,5272,49
2157,5273,49
2158,5274,49
2159,5275,49
2160,5276,49
2161,5277,48
2162,5279,53
2163,5280,53
2164,5281,53
2165,5282,53
2166,5283,53
2167,5285,48
2168,5286,48
2169,5287,51
2170,5288,50
2171,5309,44
2172,5310,45
2173,5311,46
2174,5312,45
2175,5313,45
2176,5314,45
2177,5315,46
2178,5316,47
2179,5317,47
2180,5318,45
2181,5319,46
2182,5320,46
2183,5321,48
2184,5322,48
2185,5323,47
2186,5324,51
2187,5325,51
2188,5326,51
2189,5327,53
2190,5328,53
2191,5329,48
2192,5330,47
2193,5331,49
2194,5332,49
2195,5333,49
2196,5334,49
2197,5335,49
2198,5336,48
2199,5337,46
2200,5338,46
2201,5339,48
2202,5340,48
2203,5341,48
2204,5342,47
2205,5343,48
2206,5344,48
2207,5345,48
2208,5346,46
2209,5347,46
2210,5348,48
2211,5349,46
2212,5350,48
2213,5351,48
2214,5352,49
2215,5353,49
2216,5354,49
2217,5355,48
2218,5356,48
2219,5357,48
2220,5358,53
2221,5359,50
2222,5360,48
2223,5361,48
2224,5363,48
2225,5364,48
2226,5365,51
2227,5366,50
2228,5386,44
2229,5387,44
2230,5388,46
2231,5389,47
2232,5390,46
2233,5391,46
2234,5392,46
2235,5393,46
2236,5394,46
2237,5395,46
2238,5396,43
2239,5397,45
2240,5398,44
2241,5399,46
2242,5400,47
2243,5401,52
2244,5403,51
2245,5404,51
2246,5405,48
2247,5406,48
2248,5407,49
2249,5408,49
2250,5409,49
2251,5410,49
2252,5411,49
2253,5412,49
2254,5413,50
2255,5414,49
2256,5415,49
2257,5416,46
2258,5417,46
2259,5418,48
2260,5419,48
2261,5420,48
2262,5421,48
2263,5422,48
2264,5423,48
2265,5424,46
2266,5425,46
2267,5426,48
2268,5427,46
2269,5428,48
2270,5429,49
2271,5430,49
2272,5431,49
2273,5433,48
2274,5434,48
2275,5435,48
2276,5436,48
2277,5437,50
2278,5438,50
2279,5439,50
2280,5440,50
2281,5441,50
2282,5442,49
2283,5443,50
2284,5444,49
2285,5465,46
2286,5466,45
2287,5467,45
2288,5468,45
2289,5469,45
2290,5470,45
2291,5471,45
2292,5472,45
2293,5473,45
2294,5474,46
2295,5475,43
2296,5476,43
2297,5477,47
2298,5478,45
2299,5479,50
2300,5482,51
2301,5483,46
2302,5484,48
2303,5485,46
2304,5486,48
2305,5487,48
2306,5488,46
2307,5489,48
2308,5490,49
2309,5491,49
2310,5492,49
2311,5493,47
2312,5494,47
2313,5495,48
2314,5496,48
2315,5497,48
2316,5498,48
2317,5499,48
2318,5500,49
2319,5501,48
2320,5502,48
2321,5503,46
2322,5504,46
2323,5505,48
2324,5506,46
2325,5507,49
2326,5508,47
2327,5509,46
2328,5510,49
2329,5513,48
2330,5514,48
2331,5515,48
2332,5516,50
2333,5517,50
2334,5518,50
2335,5519,50
2336,5520,51
2337,5521,52
2338,5522,50
2339,5543,46
2340,5544,44
2341,5545,44
2342,5546,45
2343,5547,45
2344,5548,45
2345,5549,10
2346,5551,43
2347,5552,43
2348,5554,44
2349,5555,45
2350,5556,45
2351,5557,49
2352,5560,53
2353,5561,48
2354,5562,48
2355,5563,46
2356,5564,46
2357,5565,48
2358,5566,49
2359,5567,47
2360,5568,48
2361,5569,49
2362,5570,48
2363,5571,48
2364,5572,47
2365,5573,48
2366,5574,46
2367,5575,48
2368,5576,49
2369,5577,50
2370,5578,49
2371,5579,49
2372,5580,47
2373,5581,48
2374,5582,46
2375,5583,46
2376,5584,48
2377,5585,49
2378,5586,46
2379,5587,46
2380,5588,49
2381,5591,48
2382,5592,48
2383,5593,48
2384,5594,48
2385,5595,48
2386,5596,48
2387,5597,51
2388,5598,51
2389,5599,50
2390,5622,45
2391,5623,44
2392,5624,45
2393,5625,45
2394,5626,45
2395,5627,45
2396,5628,45
2397,5630,40
2398,5633,43
2399,5634,45
2400,5635,45
2401,5636,48
2402,5638,52
2403,5639,49
2404,5640,48
2405,5641,48
2406,5642,46
2407,5643,48
2408,5644,46
2409,5645,49
2410,5646,49
2411,5647,49
2412,5648,49
2413,5649,48
2414,5650,48
2415,5651,48
2416,5652,46
2417,5653,49
2418,5654,47
2419,5655,50
2420,5656,49
2421,5657,49
2422,5658,50
2423,5659,49
2424,5660,48
2425,5661,48
2426,5662,48
2427,5663,46
2428,5664,46
2429,5665,46
2430,5666,46
2431,5667,49
2432,5670,48
2433,5671,48
2434,5672,48
2435,5673,48
2436,5674,48
2437,5675,51
2438,5676,51
2439,5677,50
2440,5700,46
2441,5701,45
2442,5702,45
2443,5703,45
2444,5704,45
2445,5705,45
2446,5706,45
2447,5712,45
2448,5713,43
2449,5714,49
2450,5716,51
2451,5717,47
2452,5718,48
2453,5719,48
2454,5720,46
2455,5721,46
2456,5722,46
2457,5723,49
2458,5724,47
2459,5725,49
2460,5726,49
2461,5727,48
2462,5728,46
2463,5729,46
2464,5730,49
2465,5731,49
2466,5732,51
2467,5733,49
2468,5734,48
2469,5735,50
2470,5736,47
2471,5737,49
2472,5738,49
2473,5739,48
2474,5740,46
2475,5741,46
2476,5742,46
2477,5743,46
2478,5744,46
2479,5745,49
2480,5746,9
2481,5747,48
2482,5748,48
2483,5749,48
2484,5750,48
2485,5751,48
2486,5752,51
2487,5753,52
2488,5754,50
2489,5755,50
2490,5778,46
2491,5779,45
2492,5780,45
2493,5781,45
2494,5782,45
2495,5783,45
2496,5784,45
2497,5785,45
2498,5786,43
2499,5787,40
2500,5792,43
2501,5793,48
2502,5795,53
2503,5796,53
2504,5797,48
2505,5798,48
2506,5799,46
2507,5800,48
2508,5801,46
2509,5802,47
2510,5803,47
2511,5804,48
2512,5805,48
2513,5806,48
2514,5807,48
2515,5808,48
2516,5809,48
2517,5810,49
2518,5811,48
2519,5812,49
2520,5813,50
2521,5814,50
2522,5815,50
2523,5816,48
2524,5817,48
2525,5818,48
2526,5819,46
2527,5820,46
2528,5821,46
2529,5822,46
2530,5823,46
2531,5824,49
2532,5826,48
2533,5827,48
2534,5828,48
2535,5829,48
2536,5830,51
2537,5831,51
2538,5832,50
2539,5833,50
2540,5856,11
2541,5857,45
2542,5858,45
2543,5859,9
2544,5860,42
2545,5861,43
2546,5862,44
2547,5863,46
2548,5864,43
2549,5865,41
2550,5872,11
2551,5873,53
2552,5874,48
2553,5875,48
2554,5876,48
2555,5877,48
2556,5878,48
2557,5879,48
2558,5880,46
2559,5881,48
2560,5882,48
2561,5883,47
2562,5884,47
2563,5885,46
2564,5886,48
2565,5887,49
2566,5888,49
2567,5889,50
2568,5890,49
2569,5891,49
2570,5892,49
2571,5893,48
2572,5894,48
2573,5895,48
2574,5896,48
2575,5897,46
2576,5898,46
2577,5899,46
2578,5900,46
2579,5901,46
2580,5902,49
2581,5903,12
2582,5904,49
2583,5905,48
2584,5906,48
2585,5907,51
2586,5908,51
2587,5909,51
2588,5910,50
2589,5936,42
2590,5938,5
2591,5939,40
2592,5940,42
2593,5941,45
2594,5942,45
2595,5943,43
2596,5950,53
2597,5951,53
2598,5952,49
2599,5953,48
2600,5954,47
2601,5955,48
2602,5956,46
2603,5957,48
2604,5958,48
2605,5959,48
2606,5960,48
2607,5961,48
2608,5962,48
2609,5963,48
2610,5964,48
2611,5965,46
2612,5966,49
2613,5967,49
2614,5968,50
2615,5969,49
2616,5970,49
2617,5971,48
2618,5972,48
2619,5973,46
2620,5974,48
2621,5975,46
2622,5976,46
2623,5977,46
2624,5978,46
2625,5979,46
2626,5980,46
2627,5981,49
2628,5982,12
2629,5984,49
2630,5985,51
2631,5986,51
2632,5987,52
2633,5988,50
2634,6013,40
2635,6014,40
2636,6016,42
2637,6017,42
2638,6018,42
2639,6019,42
2640,6028,48
2641,6029,48
2642,6030,48
2643,6031,47
2644,6032,47
2645,6033,47
2646,6034,48
2647,6035,48
2648,6036,48
2649,6037,48
2650,6038,48
2651,6039,48
2652,6040,48
2653,6041,48
2654,6042,46
2655,6043,47
2656,6044,49
2657,6045,49
2658,6046,47
2659,6047,50
2660,6048,49
2661,6049,50
2662,6050,48
2663,6051,46
2664,6052,48
2665,6053,46
2666,6054,47
2667,6055,46
2668,6056,46
2669,6057,46
2670,6058,46
2671,6059,49
2672,6060,51
2673,6061,52
2674,6062,52
2675,6063,52
2676,6064,52
2677,6065,50
2678,6066,50
2679,6093,40
2680,6094,40
2681,6095,42
2682,6096,42
2683,6097,42
2684,6108,46
2685,6109,48
2686,6110,48
2687,6111,48
2688,6112,45
2689,6113,45
2690,6114,48
2691,6115,47
2692,6116,48
2693,6117,48
2694,6118,48
2695,6119,48
2696,6120,48
2697,6121,46
2698,6122,48
2699,6123,48
2700,6124,46
2701,6125,46
2702,6126,48
2703,6127,48
2704,6128,48
2705,6129,48
2706,6130,46
2707,6131,46
2708,6132,47
2709,6133,46
2710,6134,46
2711,6135,46
2712,6136,46
2713,6137,49
2714,6138,51
2715,6139,51
2716,6140,52
2717,6141,52
2718,6142,52
2719,6143,52
2720,6144,51
2721,6188,48
2722,6189,48
2723,6190,48
2724,6191,47
2725,6192,47
2726,6193,48
2727,6194,48
2728,6195,48
2729,6196,48
2730,6197,48
2731,6198,48
2732,6199,48
2733,6200,48
2734,6201,46
2735,6202,48
2736,6203,47
2737,6204,46
2738,6205,46
2739,6206,46
2740,6207,46
2741,6208,48
2742,6209,48
2743,6210,48
2744,6211,46
2745,6212,46
2746,6213,46
2747,6214,49
2748,6215,49
2749,6218,52
2750,6219,50
2751,6220,49
2752,6221,53
2753,6222,51
2754,6265,46
2755,6266,46
2756,6267,48
2757,6268,48
2758,6269,48
2759,6270,46
2760,6271,46
2761,6272,48
2762,6273,48
2763,6274,48
2764,6275,48
2765,6276,48
2766,6277,46
2767,6278,48
2768,6279,48
2769,6280,48
2770,6281,46
2771,6282,46
2772,6283,48
2773,6284,46
2774,6285,48
2775,6286,46
2776,6287,46
2777,6288,48
2778,6289,48
2779,6290,49
2780,6291,46
2781,6292,49
2782,6293,49
2783,6297,52
2784,6298,49
2785,6299,49
2786,6300,50
2787,6342,46
2788,6343,47
2789,6344,48
2790,6345,48
2791,6346,48
2792,6347,47
2793,6348,47
2794,6349,47
2795,6350,48
2796,6351,48
2797,6352,48
2798,6353,46
2799,6354,46
2800,6355,46
2801,6356,46
2802,6357,47
2803,6358,47
2804,6359,47
2805,6360,47
2806,6361,46
2807,6362,48
2808,6363,48
2809,6364,48
2810,6365,48
2811,6366,48
2812,6367,49
2813,6368,49
2814,6369,49
2815,6370,49
2816,6374,49
2817,6375,49
2818,6376,49
2819,6377,49
2820,6422,47
2821,6423,47
2822,6424,48
2823,6425,47
2824,6426,47
2825,6427,47
2826,6428,48
2827,6429,48
2828,6430,48
2829,6431,46
2830,6432,46
2831,6433,48
2832,6434,48
2833,6435,49
2834,6436,49
2835,6437,47
2836,6438,49
2837,6439,46
2838,6440,46
2839,6441,46
2840,6442,48
2841,6443,48
2842,6444,48
2843,6445,48
2844,6446,48
2845,6447,49
2846,6448,49
2847,6453,48
2848,6454,47
2849,6455,49
2850,6500,47
2851,6501,49
2852,6502,47
2853,6503,47
2854,6504,47
2855,6505,48
2856,6506,48
2857,6507,48
2858,6508,46
2859,6509,48
2860,6510,48
2861,6511,46
2862,6512,48
2863,6513,47
2864,6514,49
2865,6515,48
2866,6516,47
2867,6517,46
2868,6518,48
2869,6519,49
2870,6520,48
2871,6521,46
2872,6522,48
2873,6523,48
2874,6531,47
2875,6532,48
2876,6533,49
2877,6579,47
2878,6580,45
2879,6581,45
2880,6582,48
2881,6583,48
2882,6584,48
2883,6585,48
2884,6586,48
2885,6587,48
2886,6588,48
2887,6589,48
2888,6590,48
2889,6591,48
2890,6592,49
2891,6593,49
2892,6594,49
2893,6595,49
2894,6596,48
2895,6597,48
2896,6598,48
2897,6599,46
2898,6600,46
2899,6601,46
2900,6657,45
2901,6658,47
2902,6659,48
2903,6660,48
2904,6661,48
2905,6662,48
2906,6663,48
2907,6664,48
2908,6665,48
2909,6667,46
2910,6668,48
2911,6669,49
2912,6670,49
2913,6671,49
2914,6672,49
2915,6673,49
2916,6674,46
2917,6675,46
2918,6676,34
2919,6677,46
2920,6678,46
2921,6736,45
2922,6737,48
2923,6738,48
2924,6739,48
2925,6740,48
2926,6741,46
2927,6742,48
2928,6743,46
2929,6815,48
2930,6816,47
2931,6817,48
2932,6818,48
2933,6819,46
2934,6820,46
2935,6821,46
2936,6894,47
2937,6895,46
2938,6896,48
2939,6897,46
2940,6898,46
2941,6899,46
2942,6972,46
2943,6973,46
2944,6974,46
2945,6975,46
